sector,fiscal_year,number_of_agents,total_apprehensions,other_than_mexican_apprehensions,marijuana_pounds,cocaine_pounds,accepted_prosecutions,assaults,rescues,deaths,accompanied_juveniles,unaccompanied_juveniles,total_juveniles,total_adults,female_apprehensions,male_apprehensions,family_apprehensions
big bend,2018,499,8045,4634,26651,65,5128,11,1622,10,399,989,1388,2377,906,7139,741
del rio,2018,1366,15833,8359,1870,80,10925,12,71,24,1557,1297,2854,4151,2886,12947,2829
el centro,2018,844,29230,10449,623,165,2718,34,110,17,1884,2715,4599,7314,4302,24928,3539
el paso,2018,2171,31561,22159,15156,324,13048,54,14,4,6564,5461,12025,17486,9931,21630,12312
laredo,2018,1779,32641,10362,59237,387,13882,31,13,69,316,2879,3195,6074,3848,28793,597
rio grande valley,2018,3096,162262,130809,204323,1857,24547,422,1509,96,33757,23757,57514,81271,52799,109463,63278
san diego,2018,2202,38591,11509,8787,1821,6978,84,25,4,2407,2491,4898,7389,5586,33005,4408
tucson,2018,3681,52172,22386,134084,62,28086,93,923,58,2596,5023,7619,12642,6495,45677,107212
yuma,2018,844,26244,23655,8103,78,4005,33,20,1,7730,5424,13154,18578,9227,17017,4954
southwest border,2018,16608,396579,244322,458834,4838,109317,774,4307,283,57210,50036,107246,289333,95980,300599,14554
big bend,2017,500,6002,3346,40852,45,2847,11,26,1,506,811,1317,4685,985,5017,941
del rio,2017,1391,13476,6156,9482,62,8022,12,99,18,1348,1349,2697,10779,2622,10854,2453
el centro,2017,870,18633,5812,5554,484,1413,34,4,2,968,1531,2499,16134,2791,15842,1798
el paso,2017,2182,25193,15337,34189,140,6996,54,44,8,4642,3926,8568,16625,7364,17829,8609
laredo,2017,1666,25460,7891,69535,757,6119,31,1054,83,477,2033,2510,22950,3651,21809,865
rio grande valley,2017,3130,137562,107909,260020,1192,7979,422,1190,104,27222,23708,50930,86632,50306,87256,49896
san diego,2017,2199,26086,7060,10985,2903,3099,84,48,4,1639,1551,3190,22896,4117,21969,2944
tucson,2017,3691,38657,12328,397090,331,20963,93,750,72,1088,3659,4747,33910,4693,33964,75622
yuma,2017,859,12847,10139,30181,261,2367,33,6,2,3241,2867,6108,6739,4328,8519,2042
southwest border,2017,16605,303916,175978,857888,6174,59805,774,3221,294,41131,41435,82566,221350,80857,223059,6074
big bend,2016,511,6366,3638,41752,16,2392,9,42,2,578,951,1529,4837,1155,5211,1051
del rio,2016,1439,23078,10125,10128,0,13987,13,18,14,1971,2689,4660,18418,4617,18461,3549
el centro,2016,927,19448,5087,2899,126,1134,22,36,9,849,1379,2228,17220,2952,16496,1593
el paso,2016,2240,25634,11974,67532,157,6900,34,13,1,3022,3885,6907,18727,5772,19862,5664
laredo,2016,1670,36562,11225,73261,663,12001,28,982,68,860,2953,3813,32749,5680,30882,1640
rio grande valley,2016,3135,186830,140496,326393,1460,8781,151,1377,130,28530,36714,65244,121586,63352,123478,52006
san diego,2016,2325,31891,6511,9167,1317,2683,52,77,7,1559,1553,3112,28779,4388,27503,2863
tucson,2016,3834,64891,18397,728367,174,24036,123,1409,84,1687,6302,7989,56902,7695,57196,77674
yuma,2016,829,14170,10657,32608,271,2341,7,10,7,3357,3266,6623,7547,4904,9266,3139
southwest border,2016,17026,408870,218110,1292105,4184,74255,439,3964,322,42413,59692,102105,306765,100515,308355,6169
big bend,2015,549,5031,2854,34506,95,1451,5,23,4,482,839,1321,3710,1001,4030,807
del rio,2015,1536,19013,8139,15718,69,10948,3,8,12,1188,2285,3473,15540,3804,15209,2141
el centro,2015,1004,12820,1500,8768,332,1352,39,7,4,384,668,1052,11768,2035,10785,675
el paso,2015,2364,14495,3818,60030,175,6125,27,31,2,715,1662,2377,12118,2242,12253,1220
laredo,2015,1670,35888,10122,92769,760,14903,34,491,47,806,2459,3265,32623,5700,30188,1372
rio grande valley,2015,3056,147257,99084,516664,1809,9049,110,714,97,15157,23864,39021,108236,43495,103762,27409
san diego,2015,2430,26290,2021,8158,895,1907,60,105,6,610,1084,1694,24596,3085,23205,1550
tucson,2015,3991,63397,14481,746868,153,30518,87,790,63,1663,6019,7682,55715,8317,55080,39838
yuma,2015,804,7142,3297,53019,3,2071,8,14,5,999,1090,2089,5053,1784,5358,2930
southwest border,2015,17522,331333,145316,1536499,4294,78324,373,2183,240,22004,39970,61974,269359,71463,259870,1734
big bend,2014,588,4096,932,29714,27,1637,2,65,5,111,256,367,3729,448,3648,176
del rio,2014,1537,24255,14059,21930,24,13407,12,17,17,2902,3268,6170,18085,6552,17703,4950
el centro,2014,1074,14511,2000,5858,148,1422,28,12,6,352,662,1014,13497,1831,12680,630
el paso,2014,2522,12339,2435,44010,156,6103,19,3,0,372,1029,1401,10938,1724,10615,562
laredo,2014,1785,44049,17509,123383,598,13979,26,456,49,2096,3800,5896,38153,8846,35203,3591
rio grande valley,2014,3064,256393,192925,654162,1627,9761,89,377,115,29618,49959,79577,176816,83763,172630,52326
san diego,2014,2546,29911,2040,17497,1697,1980,85,16,5,578,954,1532,28379,3101,26810,1723
tucson,2014,4052,87915,19045,971180,44,39454,99,509,107,2382,8262,10644,77271,12278,75637,68445
yuma,2014,859,5902,1655,52677,120,3986,6,2,3,434,351,785,5117,872,5030,3812
southwest border,2014,18156,479371,252600,1920411,4443,91729,366,1457,307,38845,68541,107386,371985,119415,359956,675
big bend,2013,623,3684,510,34888,10,1381,5,54,3,66,125,191,3493,339,3345,102
del rio,2013,1598,23510,9505,34924,38,18477,7,11,18,471,2135,2606,20904,3305,20205,711
el centro,2013,1141,16306,1165,5653,112,1017,21,9,3,147,434,581,15725,1764,14542,365
el paso,2013,2631,11154,1062,66940,215,8503,24,37,2,196,744,940,10214,1367,9787,298
laredo,2013,1804,50749,17977,194317,737,15335,59,693,56,983,3795,4778,45971,8183,42566,1688
rio grande valley,2013,3086,154453,96829,797249,1819,12797,120,721,156,4474,21553,26027,128426,36453,118000,7265
san diego,2013,2572,27496,1273,47822,828,1457,73,15,7,412,656,1068,26428,2591,24905,1576
tucson,2013,4135,120939,19847,1193083,12,39217,136,802,194,1605,9070,10675,110264,14140,106799,NA
yuma,2013,911,6106,820,53543,140,4856,16,4,6,125,247,372,5734,503,5603,2630
southwest border,2013,18611,414397,148988,2428419,3910,103040,461,2346,445,8479,38759,47238,367159,68645,345752,220
big bend,2012,693,3964,547,50793,58.46,1776,1,21,1,44,168,212,3752,270,3694,NA
del rio,2012,1655,21720,9316,63485,50.39,14642,14,7,29,245,1618,1863,19857,2038,19682,NA
el centro,2012,1168,23916,1405,13135,882.52,1059,35,1,1,481,498,979,22937,2651,21265,NA
el paso,2012,2718,9678,763,39933,205.9,7086,17,20,1,183,659,842,8836,1197,8481,NA
laredo,2012,1879,44872,13130,148603,418.63,11757,43,290,90,1037,2658,3695,41177,6685,38187,NA
rio grande valley,2012,2546,97762,49939,886001,2174.25,11562,125,318,150,1845,10759,12604,85158,21137,76625,NA
san diego,2012,2623,28461,1154,48687,1347.18,1724,133,21,5,357,524,881,27580,2511,25950,NA
tucson,2012,4176,120000,17697,1015332,417.02,38645,164,632,177,2122,7239,9361,110639,14462,105538,NA
yuma,2012,954,6500,581,31692,437.76,3954,17,2,9,122,280,402,6098,669,5831,NA
southwest border,2012,18516,356873,94532,2297662,5992.1,92205,549,1312,463,6436,24403,30839,326034,51620,305253,NA
big bend,2011,667,4036,415,55742.94,262.8,950,3,28,2,63,189,252,3784,317,3719,NA
del rio,2011,1626,16144,4447,75325.24,442.89,9433,9,12,18,179,1113,1292,14852,1348,14796,NA
el centro,2011,1164,30191,717,49815.36,1335.25,1197,124,28,5,260,457,717,29474,2528,27662,NA
el paso,2011,2738,10345,712,43667.19,115.56,6906,37,20,6,232,697,929,9416,1369,8976,NA
laredo,2011,1871,36053,6922,132442.8,509.79,9678,26,203,65,1053,1608,2661,33392,5798,30255,NA
rio grande valley,2011,2504,59243,20890,1021841.6,3163.79,9088,108,238,66,1508,5236,6744,52499,12335,46908,NA
san diego,2011,2669,42447,1166,68824.69,2504.17,1857,77,27,14,475,549,1024,41423,3015,39432,NA
tucson,2011,4239,123285,11311,1039442.69,170.58,32703,251,509,180,3034,5878,8912,114373,15346,107937,NA
yuma,2011,969,5833,417,31108.92,257.91,3163,31,5,1,98,222,320,5513,534,5299,NA
southwest border,2011,18506,327577,46997,2518211.42,8762.73,74975,666,1070,357,6902,15949,22851,304726,42590,284984,NA
big bend,2010,672,5288,,,,,,,0,,,,,,,NA
del rio,2010,1650,14694,,,,,,,23,,,,,,,NA
el centro,2010,1181,32562,,,,,,,14,,,,,,,NA
el paso,2010,2752,12251,,,,,,,4,,,,,,,NA
laredo,2010,1858,35287,,,,,,,35,,,,,,,NA
rio grande valley,2010,2441,59766,,,,,,,29,,,,,,,NA
san diego,2010,2594,68565,,,,,,,8,,,,,,,NA
tucson,2010,3353,212202,,,,,,,251,,,,,,,NA
yuma,2010,987,7116,,,,,,,1,,,,,,,NA
southwest border,2010,17535,447731,,,,,,,365,,,,,,,NA
big bend,2009,682,6360,,,,,,,3,,,,,,,NA
del rio,2009,1682,17082,,,,,,,29,,,,,,,NA
el centro,2009,1187,33521,,,,,,,27,,,,,,,NA
el paso,2009,2712,14999,,,,,,,5,,,,,,,NA
laredo,2009,1863,40569,,,,,,,58,,,,,,,NA
rio grande valley,2009,2422,60989,,,,,,,68,,,,,,,NA
san diego,2009,2570,118721,,,,,,,15,,,,,,,NA
tucson,2009,3318,241673,,,,,,,212,,,,,,,NA
yuma,2009,972,6951,,,,,,,3,,,,,,,NA
southwest border,2009,17408,540865,,,,,,,420,,,,,,,NA
big bend,2008,421,5391,,,,,,,3,,,,,,,NA
del rio,2008,1427,20761,,,,,,,22,,,,,,,NA
el centro,2008,1080,40961,,,,,,,20,,,,,,,NA
el paso,2008,2506,30312,,,,,,,8,,,,,,,NA
laredo,2008,1636,43658,,,,,,,32,,,,,,,NA
rio grande valley,2008,2063,75473,,,,,,,92,,,,,,,NA
san diego,2008,2328,162390,,,,,,,32,,,,,,,NA
tucson,2008,3049,317696,,,,,,,171,,,,,,,NA
yuma,2008,932,8363,,,,,,,5,,,,,,,NA
southwest border,2008,15442,705005,,,,,,,385,,,,,,,NA
big bend,2007,336,5536,,,,,,,0,,,,,,,NA
del rio,2007,1138,22920,,,,,,,20,,,,,,,NA
el centro,2007,894,55883,,,,,,,12,,,,,,,NA
el paso,2007,2251,75464,,,,,,,25,,,,,,,NA
laredo,2007,1206,56714,,,,,,,52,,,,,,,NA
rio grande valley,2007,1822,73430,,,,,,,61,,,,,,,NA
san diego,2007,2019,152460,,,,,,,15,,,,,,,NA
tucson,2007,2806,378239,,,,,,,202,,,,,,,NA
yuma,2007,825,37992,,,,,,,11,,,,,,,NA
southwest border,2007,13297,858638,,,,,,,398,,,,,,,NA
big bend,2006,246,7520,,,,,,,4,,,,,,,NA
del rio,2006,935,42636,,,,,,,34,,,,,,,NA
el centro,2006,713,61465,,,,,,,21,,,,,,,NA
el paso,2006,1741,122256,,,,,,,33,,,,,,,NA
laredo,2006,926,74840,,,,,,,36,,,,,,,NA
rio grande valley,2006,1431,110528,,,,,,,81,,,,,,,NA
san diego,2006,1671,142104,,,,,,,36,,,,,,,NA
tucson,2006,2595,392074,,,,,,,169,,,,,,,NA
yuma,2006,774,118549,,,,,,,40,,,,,,,NA
southwest border,2006,11032,1071972,,,,,,,454,,,,,,,NA
big bend,2005,220,10536,,,,,,,4,,,,,,,NA
del rio,2005,907,68506,,,,,,,28,,,,,,,NA
el centro,2005,684,55722,,,,,,,30,,,,,,,NA
el paso,2005,1330,122679,,,,,,,28,,,,,,,NA
laredo,2005,937,75346,,,,,,,53,,,,,,,NA
rio grande valley,2005,1380,134186,,,,,,,55,,,,,,,NA
san diego,2005,1562,126904,,,,,,,23,,,,,,,NA
tucson,2005,2324,439079,,,,,,,219,,,,,,,NA
yuma,2005,547,138438,,,,,,,52,,,,,,,NA
southwest border,2005,9891,1171396,,,,,,,492,,,,,,,NA
big bend,2004,239,10530,,,,,,,0,,,,,,,NA
del rio,2004,933,53794,,,,,,,21,,,,,,,NA
el centro,2004,734,74467,,,,,,,36,,,,,,,NA
el paso,2004,1094,104399,,,,,,,18,,,,,,,NA
laredo,2004,981,74706,,,,,,,22,,,,,,,NA
rio grande valley,2004,1439,92947,,,,,,,35,,,,,,,NA
san diego,2004,1651,138608,,,,,,,15,,,,,,,NA
tucson,2004,2104,491771,,,,,,,142,,,,,,,NA
yuma,2004,331,98060,,,,,,,39,,,,,,,NA
southwest border,2004,9506,1139282,,,,,,,328,,,,,,,NA
big bend,2003,230,10319,,,,,,,0,,,,,,,NA
del rio,2003,950,50145,,,,,,,23,,,,,,,NA
el centro,2003,755,92099,,,,,,,61,,,,,,,NA
el paso,2003,1188,88816,,,,,,,10,,,,,,,NA
laredo,2003,1025,70521,,,,,,,17,,,,,,,NA
rio grande valley,2003,1524,77749,,,,,,,39,,,,,,,NA
san diego,2003,1972,111515,,,,,,,29,,,,,,,NA
tucson,2003,1838,347263,,,,,,,137,,,,,,,NA
yuma,2003,358,56638,,,,,,,22,,,,,,,NA
southwest border,2003,9840,905065,,,,,,,338,,,,,,,NA
big bend,2002,253,11392,,,,,,,4,,,,,,,NA
del rio,2002,972,66985,,,,,,,29,,,,,,,NA
el centro,2002,683,108273,,,,,,,64,,,,,,,NA
el paso,2002,1122,94154,,,,,,,8,,,,,,,NA
laredo,2002,969,82095,,,,,,,15,,,,,,,NA
rio grande valley,2002,1484,89927,,,,,,,30,,,,,,,NA
san diego,2002,1807,100681,,,,,,,24,,,,,,,NA
tucson,2002,1626,333648,,,,,,,134,,,,,,,NA
yuma,2002,323,42654,,,,,,,12,,,,,,,NA
southwest border,2002,9239,929809,,,,,,,320,,,,,,,NA
big bend,2001,194,12087,,,,,,,3,,,,,,,NA
del rio,2001,893,104875,,,,,,,41,,,,,,,NA
el centro,2001,589,172852,,,,,,,96,,,,,,,NA
el paso,2001,1086,112857,,,,,,,10,,,,,,,NA
laredo,2001,921,87068,,,,,,,28,,,,,,,NA
rio grande valley,2001,1451,107844,,,,,,,37,,,,,,,NA
san diego,2001,2004,110075,,,,,,,21,,,,,,,NA
tucson,2001,1686,449675,,,,,,,80,,,,,,,NA
yuma,2001,323,78385,,,,,,,24,,,,,,,NA
southwest border,2001,9147,1235718,,,,,,,340,,,,,,,NA
big bend,2000,196,13689,,,,,,,3,,,,,,,NA
del rio,2000,758,157178,,,,,,,48,,,,,,,NA
el centro,2000,502,238126,,,,,,,72,,,,,,,NA
el paso,2000,1036,115696,,,,,,,26,,,,,,,NA
laredo,2000,806,108973,,,,,,,47,,,,,,,NA
rio grande valley,2000,1368,133243,,,,,,,40,,,,,,,NA
san diego,2000,2053,151681,,,,,,,34,,,,,,,NA
tucson,2000,1548,616346,,,,,,,74,,,,,,,NA
yuma,2000,313,108747,,,,,,,36,,,,,,,NA
southwest border,2000,8580,1643679,,,,,,,380,,,,,,,NA
big bend,1999,144,14952,,,,,,,0,,,,,,,
del rio,1999,639,156653,,,,,,,30,,,,,,,
el centro,1999,423,225279,,,,,,,56,,,,,,,
el paso,1999,957,110857,,,,,,,15,,,,,,,
laredo,1999,685,114004,,,,,,,37,,,,,,,
rio grande valley,1999,1166,169151,,,,,,,36,,,,,,,
san diego,1999,2136,182267,,,,,,,25,,,,,,,
tucson,1999,1328,470449,,,,,,,29,,,,,,,
yuma,1999,228,93388,,,,,,,21,,,,,,,
southwest border,1999,7706,1537000,,,,,,,249,,,,,,,
big bend,1998,164,14509,,,,,,,3,,,,,,,
del rio,1998,589,131058,,,,,,,28,,,,,,,
el centro,1998,383,226695,,,,,,,90,,,,,,,
el paso,1998,972,125035,,,,,,,24,,,,,,,
laredo,1998,628,103433,,,,,,,20,,,,,,,
rio grande valley,1998,1107,204257,,,,,,,26,,,,,,,
san diego,1998,2274,248092,,,,,,,44,,,,,,,
tucson,1998,1013,387406,,,,,,,11,,,,,,,
yuma,1998,227,76195,,,,,,,17,,,,,,,
southwest border,1998,7357,1516680,,,,,,,263,,,,,,,
big bend,1997,135,12692,,,,,,,,,,,,,,
del rio,1997,471,113280,,,,,,,,,,,,,,
el centro,1997,249,146210,,,,,,,,,,,,,,
el paso,1997,918,124376,,,,,,,,,,,,,,
laredo,1997,451,141893,,,,,,,,,,,,,,
rio grande valley,1997,760,243793,,,,,,,,,,,,,,
san diego,1997,2281,283889,,,,,,,,,,,,,,
tucson,1997,875,272397,,,,,,,,,,,,,,
yuma,1997,175,30177,,,,,,,,,,,,,,
southwest border,1997,6315,1368707,,,,,,,,,,,,,,
big bend,1996,134,13214,,,,,,,,,,,,,,
del rio,1996,406,121137,,,,,,,,,,,,,,
el centro,1996,189,66873,,,,,,,,,,,,,,
el paso,1996,841,145929,,,,,,,,,,,,,,
laredo,1996,415,131841,,,,,,,,,,,,,,
rio grande valley,1996,507,210553,,,,,,,,,,,,,,
san diego,1996,1965,483815,,,,,,,,,,,,,,
tucson,1996,702,305348,,,,,,,,,,,,,,
yuma,1996,174,28310,,,,,,,,,,,,,,
southwest border,1996,5333,1507020,,,,,,,,,,,,,,
big bend,1995,133,11552,,,,,,,,,,,,,,
del rio,1995,399,76490,,,,,,,,,,,,,,
el centro,1995,190,37317,,,,,,,,,,,,,,
el paso,1995,746,110971,,,,,,,,,,,,,,
laredo,1995,421,93305,,,,,,,,,,,,,,
rio grande valley,1995,474,169101,,,,,,,,,,,,,,
san diego,1995,1433,524231,,,,,,,,,,,,,,
tucson,1995,407,227529,,,,,,,,,,,,,,
yuma,1995,185,20894,,,,,,,,,,,,,,
southwest border,1995,4288,1271390,,,,,,,,,,,,,,
big bend,1994,128,13494,,,,,,,,,,,,,,
del rio,1994,299,50036,,,,,,,,,,,,,,
el centro,1994,194,27654,,,,,,,,,,,,,,
el paso,1994,643,79688,,,,,,,,,,,,,,
laredo,1994,337,73142,,,,,,,,,,,,,,
rio grande valley,1994,392,124251,,,,,,,,,,,,,,
san diego,1994,1290,450152,,,,,,,,,,,,,,
tucson,1994,282,139473,,,,,,,,,,,,,,
yuma,1994,182,21211,,,,,,,,,,,,,,
southwest border,1994,3747,979101,,,,,,,,,,,,,,
big bend,1993,134,15486,,,,,,,,,,,,,,
del rio,1993,297,42289,,,,,,,,,,,,,,
el centro,1993,198,30058,,,,,,,,,,,,,,
el paso,1993,608,285781,,,,,,,,,,,,,,
laredo,1993,353,82348,,,,,,,,,,,,,,
rio grande valley,1993,393,109048,,,,,,,,,,,,,,
san diego,1993,992,531689,,,,,,,,,,,,,,
tucson,1993,287,92639,,,,,,,,,,,,,,
yuma,1993,182,23548,,,,,,,,,,,,,,
southwest border,1993,3444,1212886,,,,,,,,,,,,,,
big bend,1992,108,13819,,,,,,,,,,,,,,
del rio,1992,317,33414,,,,,,,,,,,,,,
el centro,1992,217,29852,,,,,,,,,,,,,,
el paso,1992,627,248642,,,,,,,,,,,,,,
laredo,1992,364,72449,,,,,,,,,,,,,,
rio grande valley,1992,418,85889,,,,,,,,,,,,,,
san diego,1992,1009,565581,,,,,,,,,,,,,,
tucson,1992,300,71036,,,,,,,,,,,,,,
yuma,1992,195,24892,,,,,,,,,,,,,,
southwest border,1992,3555,1145574,,,,,,,,,,,,,,
big bend,1991,,8764,,,,,,,,,,,,,,
del rio,1991,,38554,,,,,,,,,,,,,,
el centro,1991,,30450,,,,,,,,,,,,,,
el paso,1991,,211775,,,,,,,,,,,,,,
laredo,1991,,72293,,,,,,,,,,,,,,
rio grande valley,1991,,87319,,,,,,,,,,,,,,
san diego,1991,,540347,,,,,,,,,,,,,,
tucson,1991,,59728,,,,,,,,,,,,,,
yuma,1991,,28646,,,,,,,,,,,,,,
southwest border,1991,,1077876,,,,,,,,,,,,,,
big bend,1990,,7180,,,,,,,,,,,,,,
del rio,1990,,41373,,,,,,,,,,,,,,
el centro,1990,,28708,,,,,,,,,,,,,,
el paso,1990,,223219,,,,,,,,,,,,,,
laredo,1990,,89052,,,,,,,,,,,,,,
rio grande valley,1990,,97018,,,,,,,,,,,,,,
san diego,1990,,473323,,,,,,,,,,,,,,
tucson,1990,,53061,,,,,,,,,,,,,,
yuma,1990,,36387,,,,,,,,,,,,,,
southwest border,1990,,1049321,,,,,,,,,,,,,,
big bend,1989,,5560,,,,,,,,,,,,,,
del rio,1989,,46786,,,,,,,,,,,,,,
el centro,1989,,27524,,,,,,,,,,,,,,
el paso,1989,,168105,,,,,,,,,,,,,,
laredo,1989,,75292,,,,,,,,,,,,,,
rio grande valley,1989,,79650,,,,,,,,,,,,,,
san diego,1989,,366757,,,,,,,,,,,,,,
tucson,1989,,51445,,,,,,,,,,,,,,
yuma,1989,,31387,,,,,,,,,,,,,,
southwest border,1989,,852506,,,,,,,,,,,,,,
big bend,1988,,6209,,,,,,,,,,,,,,
del rio,1988,,59403,,,,,,,,,,,,,,
el centro,1988,,41179,,,,,,,,,,,,,,
el paso,1988,,182566,,,,,,,,,,,,,,
laredo,1988,,69912,,,,,,,,,,,,,,
rio grande valley,1988,,60294,,,,,,,,,,,,,,
san diego,1988,,431592,,,,,,,,,,,,,,
tucson,1988,,48683,,,,,,,,,,,,,,
yuma,1988,,42723,,,,,,,,,,,,,,
southwest border,1988,,942561,,,,,,,,,,,,,,
big bend,1987,,9586,,,,,,,,,,,,,,
del rio,1987,,64934,,,,,,,,,,,,,,
el centro,1987,,55291,,,,,,,,,,,,,,
el paso,1987,,231994,,,,,,,,,,,,,,
laredo,1987,,74139,,,,,,,,,,,,,,
rio grande valley,1987,,71038,,,,,,,,,,,,,,
san diego,1987,,500327,,,,,,,,,,,,,,
tucson,1987,,47481,,,,,,,,,,,,,,
yuma,1987,,67277,,,,,,,,,,,,,,
southwest border,1987,,1122067,,,,,,,,,,,,,,
big bend,1986,,23796,,,,,,,,,,,,,,
del rio,1986,,123952,,,,,,,,,,,,,,
el centro,1986,,95186,,,,,,,,,,,,,,
el paso,1986,,312892,,,,,,,,,,,,,,
laredo,1986,,143685,,,,,,,,,,,,,,
rio grande valley,1986,,121783,,,,,,,,,,,,,,
san diego,1986,,629656,,,,,,,,,,,,,,
tucson,1986,,71675,,,,,,,,,,,,,,
yuma,1986,,93219,,,,,,,,,,,,,,
southwest border,1986,,1615844,,,,,,,,,,,,,,
big bend,1985,,23667,,,,,,,,,,,,,,
del rio,1985,,99280,,,,,,,,,,,,,,
el centro,1985,,71519,,,,,,,,,,,,,,
el paso,1985,,240350,,,,,,,,,,,,,,
laredo,1985,,114931,,,,,,,,,,,,,,
rio grande valley,1985,,82826,,,,,,,,,,,,,,
san diego,1985,,427772,,,,,,,,,,,,,,
tucson,1985,,55269,,,,,,,,,,,,,,
yuma,1985,,67737,,,,,,,,,,,,,,
southwest border,1985,,1183351,,,,,,,,,,,,,,
big bend,1984,,22196,,,,,,,,,,,,,,
del rio,1984,,87058,,,,,,,,,,,,,,
el centro,1984,,68563,,,,,,,,,,,,,,
el paso,1984,,212652,,,,,,,,,,,,,,
laredo,1984,,87059,,,,,,,,,,,,,,
rio grande valley,1984,,66860,,,,,,,,,,,,,,
san diego,1984,,407828,,,,,,,,,,,,,,
tucson,1984,,46283,,,,,,,,,,,,,,
yuma,1984,,59777,,,,,,,,,,,,,,
southwest border,1984,,1058276,,,,,,,,,,,,,,
big bend,1983,,20829,,,,,,,,,,,,,,
del rio,1983,,83733,,,,,,,,,,,,,,
el centro,1983,,71897,,,,,,,,,,,,,,
el paso,1983,,205944,,,,,,,,,,,,,,
laredo,1983,,65279,,,,,,,,,,,,,,
rio grande valley,1983,,57706,,,,,,,,,,,,,,
san diego,1983,,429121,,,,,,,,,,,,,,
tucson,1983,,35870,,,,,,,,,,,,,,
yuma,1983,,63595,,,,,,,,,,,,,,
southwest border,1983,,1033974,,,,,,,,,,,,,,
big bend,1982,,20268,,,,,,,,,,,,,,
del rio,1982,,48753,,,,,,,,,,,,,,
el centro,1982,,55440,,,,,,,,,,,,,,
el paso,1982,,152882,,,,,,,,,,,,,,
laredo,1982,,40385,,,,,,,,,,,,,,
rio grande valley,1982,,32533,,,,,,,,,,,,,,
san diego,1982,,314979,,,,,,,,,,,,,,
tucson,1982,,32344,,,,,,,,,,,,,,
yuma,1982,,48236,,,,,,,,,,,,,,
southwest border,1982,,745820,,,,,,,,,,,,,,
big bend,1981,,17584,,,,,,,,,,,,,,
del rio,1981,,50455,,,,,,,,,,,,,,
el centro,1981,,59774,,,,,,,,,,,,,,
el paso,1981,,146872,,,,,,,,,,,,,,
laredo,1981,,36910,,,,,,,,,,,,,,
rio grande valley,1981,,32809,,,,,,,,,,,,,,
san diego,1981,,326836,,,,,,,,,,,,,,
tucson,1981,,33085,,,,,,,,,,,,,,
yuma,1981,,45483,,,,,,,,,,,,,,
southwest border,1981,,749808,,,,,,,,,,,,,,
big bend,1980,,15602,,,,,,,,,,,,,,
del rio,1980,,50762,,,,,,,,,,,,,,
el centro,1980,,57009,,,,,,,,,,,,,,
el paso,1980,,127488,,,,,,,,,,,,,,
laredo,1980,,39167,,,,,,,,,,,,,,
rio grande valley,1980,,35012,,,,,,,,,,,,,,
san diego,1980,,285984,,,,,,,,,,,,,,
tucson,1980,,33668,,,,,,,,,,,,,,
yuma,1980,,45862,,,,,,,,,,,,,,
southwest border,1980,,690554,,,,,,,,,,,,,,
big bend,1979,,20116,,,,,,,,,,,,,,
del rio,1979,,50262,,,,,,,,,,,,,,
el centro,1979,,55532,,,,,,,,,,,,,,
el paso,1979,,149722,,,,,,,,,,,,,,
laredo,1979,,50666,,,,,,,,,,,,,,
rio grande valley,1979,,41915,,,,,,,,,,,,,,
san diego,1979,,337930,,,,,,,,,,,,,,
tucson,1979,,37075,,,,,,,,,,,,,,
yuma,1979,,52580,,,,,,,,,,,,,,
southwest border,1979,,795798,,,,,,,,,,,,,,
big bend,1978,,23501,,,,,,,,,,,,,,
del rio,1978,,54098,,,,,,,,,,,,,,
el centro,1978,,42118,,,,,,,,,,,,,,
el paso,1978,,174010,,,,,,,,,,,,,,
laredo,1978,,36627,,,,,,,,,,,,,,
rio grande valley,1978,,45201,,,,,,,,,,,,,,
san diego,1978,,325557,,,,,,,,,,,,,,
tucson,1978,,34991,,,,,,,,,,,,,,
yuma,1978,,53338,,,,,,,,,,,,,,
southwest border,1978,,789441,,,,,,,,,,,,,,
big bend,1977,,22239,,,,,,,,,,,,,,
del rio,1977,,42322,,,,,,,,,,,,,,
el centro,1977,,38421,,,,,,,,,,,,,,
el paso,1977,,145059,,,,,,,,,,,,,,
laredo,1977,,27289,,,,,,,,,,,,,,
rio grande valley,1977,,38704,,,,,,,,,,,,,,
san diego,1977,,337195,,,,,,,,,,,,,,
tucson,1977,,33295,,,,,,,,,,,,,,
yuma,1977,,48669,,,,,,,,,,,,,,
southwest border,1977,,733193,,,,,,,,,,,,,,
big bend,1976,,19846,,,,,,,,,,,,,,
del rio,1976,,32988,,,,,,,,,,,,,,
el centro,1976,,32327,,,,,,,,,,,,,,
el paso,1976,,114886,,,,,,,,,,,,,,
laredo,1976,,24665,,,,,,,,,,,,,,
rio grande valley,1976,,38839,,,,,,,,,,,,,,
san diego,1976,,266709,,,,,,,,,,,,,,
tucson,1976,,34641,,,,,,,,,,,,,,
yuma,1976,,42598,,,,,,,,,,,,,,
southwest border,1976,,607499,,,,,,,,,,,,,,
big bend,1975,,20472,,,,,,,,,,,,,,
del rio,1975,,32008,,,,,,,,,,,,,,
el centro,1975,,27217,,,,,,,,,,,,,,
el paso,1975,,99000,,,,,,,,,,,,,,
laredo,1975,,26199,,,,,,,,,,,,,,
rio grande valley,1975,,31300,,,,,,,,,,,,,,
san diego,1975,,185499,,,,,,,,,,,,,,
tucson,1975,,39941,,,,,,,,,,,,,,
yuma,1975,,50628,,,,,,,,,,,,,,
southwest border,1975,,512264,,,,,,,,,,,,,,
big bend,1974,,23291,,,,,,,,,,,,,,
del rio,1974,,44098,,,,,,,,,,,,,,
el centro,1974,,26143,,,,,,,,,,,,,,
el paso,1974,,112432,,,,,,,,,,,,,,
laredo,1974,,30061,,,,,,,,,,,,,,
rio grande valley,1974,,38668,,,,,,,,,,,,,,
san diego,1974,,196981,,,,,,,,,,,,,,
tucson,1974,,50108,,,,,,,,,,,,,,
yuma,1974,,49824,,,,,,,,,,,,,,
southwest border,1974,,571606,,,,,,,,,,,,,,
big bend,1973,,22378,,,,,,,,,,,,,,
del rio,1973,,42232,,,,,,,,,,,,,,
el centro,1973,,23125,,,,,,,,,,,,,,
el paso,1973,,82386,,,,,,,,,,,,,,
laredo,1973,,23854,,,,,,,,,,,,,,
rio grande valley,1973,,37092,,,,,,,,,,,,,,
san diego,1973,,128889,,,,,,,,,,,,,,
tucson,1973,,44824,,,,,,,,,,,,,,
yuma,1973,,36286,,,,,,,,,,,,,,
southwest border,1973,,441066,,,,,,,,,,,,,,
big bend,1972,,20269,,,,,,,,,,,,,,
del rio,1972,,31110,,,,,,,,,,,,,,
el centro,1972,,15327,,,,,,,,,,,,,,
el paso,1972,,78168,,,,,,,,,,,,,,
laredo,1972,,21781,,,,,,,,,,,,,,
rio grande valley,1972,,29338,,,,,,,,,,,,,,
san diego,1972,,73115,,,,,,,,,,,,,,
tucson,1972,,32272,,,,,,,,,,,,,,
yuma,1972,,19946,,,,,,,,,,,,,,
southwest border,1972,,321326,,,,,,,,,,,,,,
big bend,1971,,22026,,,,,,,,,,,,,,
del rio,1971,,25780,,,,,,,,,,,,,,
el centro,1971,,14292,,,,,,,,,,,,,,
el paso,1971,,57796,,,,,,,,,,,,,,
laredo,1971,,17665,,,,,,,,,,,,,,
rio grande valley,1971,,28281,,,,,,,,,,,,,,
san diego,1971,,59375,,,,,,,,,,,,,,
tucson,1971,,23548,,,,,,,,,,,,,,
yuma,1971,,15228,,,,,,,,,,,,,,
southwest border,1971,,263991,,,,,,,,,,,,,,
big bend,1970,,16770,,,,,,,,,,,,,,
del rio,1970,,18711,,,,,,,,,,,,,,
el centro,1970,,12028,,,,,,,,,,,,,,
el paso,1970,,43640,,,,,,,,,,,,,,
laredo,1970,,11569,,,,,,,,,,,,,,
rio grande valley,1970,,20708,,,,,,,,,,,,,,
san diego,1970,,50663,,,,,,,,,,,,,,
tucson,1970,,14222,,,,,,,,,,,,,,
yuma,1970,,13469,,,,,,,,,,,,,,
southwest border,1970,,201780,,,,,,,,,,,,,,
big bend,1969,,11973,,,,,,,,,,,,,,
del rio,1969,,12991,,,,,,,,,,,,,,
el centro,1969,,9195,,,,,,,,,,,,,,
el paso,1969,,31159,,,,,,,,,,,,,,
laredo,1969,,8129,,,,,,,,,,,,,,
rio grande valley,1969,,14076,,,,,,,,,,,,,,
san diego,1969,,33311,,,,,,,,,,,,,,
tucson,1969,,8301,,,,,,,,,,,,,,
yuma,1969,,8833,,,,,,,,,,,,,,
southwest border,1969,,137968,,,,,,,,,,,,,,
big bend,1968,,8834,,,,,,,,,,,,,,
del rio,1968,,9576,,,,,,,,,,,,,,
el centro,1968,,8358,,,,,,,,,,,,,,
el paso,1968,,19408,,,,,,,,,,,,,,
laredo,1968,,5715,,,,,,,,,,,,,,
rio grande valley,1968,,10093,,,,,,,,,,,,,,
san diego,1968,,24116,,,,,,,,,,,,,,
tucson,1968,,4537,,,,,,,,,,,,,,
yuma,1968,,6004,,,,,,,,,,,,,,
southwest border,1968,,96641,,,,,,,,,,,,,,
big bend,1967,,7049,,,,,,,,,,,,,,
del rio,1967,,7906,,,,,,,,,,,,,,
el centro,1967,,6974,,,,,,,,,,,,,,
el paso,1967,,13656,,,,,,,,,,,,,,
laredo,1967,,4178,,,,,,,,,,,,,,
rio grande valley,1967,,9029,,,,,,,,,,,,,,
san diego,1967,,17844,,,,,,,,,,,,,,
tucson,1967,,3068,,,,,,,,,,,,,,
yuma,1967,,4269,,,,,,,,,,,,,,
southwest border,1967,,73973,,,,,,,,,,,,,,
big bend,1966,,6592,,,,,,,,,,,,,,
del rio,1966,,6845,,,,,,,,,,,,,,
el centro,1966,,6916,,,,,,,,,,,,,,
el paso,1966,,10119,,,,,,,,,,,,,,
laredo,1966,,3658,,,,,,,,,,,,,,
rio grande valley,1966,,8706,,,,,,,,,,,,,,
san diego,1966,,13362,,,,,,,,,,,,,,
tucson,1966,,2392,,,,,,,,,,,,,,
yuma,1966,,4050,,,,,,,,,,,,,,
southwest border,1966,,62640,,,,,,,,,,,,,,
big bend,1965,,3973,,,,,,,,,,,,,,
del rio,1965,,4292,,,,,,,,,,,,,,
el centro,1965,,5344,,,,,,,,,,,,,,
el paso,1965,,6355,,,,,,,,,,,,,,
laredo,1965,,2310,,,,,,,,,,,,,,
rio grande valley,1965,,8057,,,,,,,,,,,,,,
san diego,1965,,6558,,,,,,,,,,,,,,
tucson,1965,,1480,,,,,,,,,,,,,,
yuma,1965,,1651,,,,,,,,,,,,,,
southwest border,1965,,40020,,,,,,,,,,,,,,
big bend,1964,,3146,,,,,,,,,,,,,,
del rio,1964,,4489,,,,,,,,,,,,,,
el centro,1964,,2640,,,,,,,,,,,,,,
el paso,1964,,4486,,,,,,,,,,,,,,
laredo,1964,,2168,,,,,,,,,,,,,,
rio grande valley,1964,,9173,,,,,,,,,,,,,,
san diego,1964,,4521,,,,,,,,,,,,,,
tucson,1964,,1200,,,,,,,,,,,,,,
yuma,1964,,696,,,,,,,,,,,,,,
southwest border,1964,,32519,,,,,,,,,,,,,,
big bend,1963,,2026,,,,,,,,,,,,,,
del rio,1963,,4417,,,,,,,,,,,,,,
el centro,1963,,1690,,,,,,,,,,,,,,
el paso,1963,,3813,,,,,,,,,,,,,,
laredo,1963,,1753,,,,,,,,,,,,,,
rio grande valley,1963,,9992,,,,,,,,,,,,,,
san diego,1963,,3768,,,,,,,,,,,,,,
tucson,1963,,1466,,,,,,,,,,,,,,
yuma,1963,,719,,,,,,,,,,,,,,
southwest border,1963,,29644,,,,,,,,,,,,,,
big bend,1962,,1431,,,,,,,,,,,,,,
del rio,1962,,3250,,,,,,,,,,,,,,
el centro,1962,,1426,,,,,,,,,,,,,,
el paso,1962,,3304,,,,,,,,,,,,,,
laredo,1962,,1274,,,,,,,,,,,,,,
rio grande valley,1962,,5569,,,,,,,,,,,,,,
san diego,1962,,3091,,,,,,,,,,,,,,
tucson,1962,,1247,,,,,,,,,,,,,,
yuma,1962,,511,,,,,,,,,,,,,,
southwest border,1962,,21103,,,,,,,,,,,,,,
big bend,1961,,954,,,,,,,,,,,,,,
del rio,1961,,3458,,,,,,,,,,,,,,
el centro,1961,,1878,,,,,,,,,,,,,,
el paso,1961,,3540,,,,,,,,,,,,,,
laredo,1961,,1172,,,,,,,,,,,,,,
rio grande valley,1961,,6713,,,,,,,,,,,,,,
san diego,1961,,2279,,,,,,,,,,,,,,
tucson,1961,,1178,,,,,,,,,,,,,,
yuma,1961,,573,,,,,,,,,,,,,,
southwest border,1961,,21745,,,,,,,,,,,,,,
big bend,1960,,732,,,,,,,,,,,,,,
del rio,1960,,3023,,,,,,,,,,,,,,
el centro,1960,,1839,,,,,,,,,,,,,,
el paso,1960,,3630,,,,,,,,,,,,,,
laredo,1960,,1024,,,,,,,,,,,,,,
rio grande valley,1960,,5515,,,,,,,,,,,,,,
san diego,1960,,3371,,,,,,,,,,,,,,
tucson,1960,,1255,,,,,,,,,,,,,,
yuma,1960,,633,,,,,,,,,,,,,,
southwest border,1960,,21022,,,,,,,,,,,,,,
